user_input,retrieved_contexts,response,reference,faithfulness,answer_relevancy,context_precision,context_recall
What is plagiarism and how can I prevent it?,"['FAQ Question: What is plagiarism and how can I prevent it?\nAnswer: Take a look at our library guide search results on Academic Integrity . It includes valuable information plus links to additional resources to help you! We also have tutorials about these topics: Academic Integrity Plagiarism Awareness', 'FAQ Question: Do you have any tutorials about citing sources?\nAnswer: Need to learn about citing sources? Here is a list of tutorials designed by our experts to get you started... Academic Integrity APA Citation Style Citing Your Sources MLA Citation Style Plagiarism Awareness And we have more tutorials to help you! Tutorials web page']","Plagiarism is a topic that's really important for academic integrity. According to our library guide, you can find valuable information on plagiarism and how to prevent it by checking out the search results on Academic Integrity. This resource includes links to additional resources that can help you understand what plagiarism is and how to avoid it. We also have tutorials on Academic Integrity, Plagiarism Awareness, and other related topics that can provide you with more guidance. 

If you're looking for more information, I recommend checking out our library guide on Academic Integrity. You can also visit our tutorials page for more resources on plagiarism and citing sources. 

For more information, you can visit our library's FAQ page. https://askalibrarian.asu.edu/",Take a look at our library guide search results on Academic Integrity . It includes valuable information plus links to additional resources to help you! We also have tutorials about these topics: Academic Integrity Plagiarism Awareness,0.7777777777777778,0.8797727939247861,0.99999999995,1.0
Can I use Respondus Lockdown Browser on library computers?,"['FAQ Question: Can I use Respondus Lockdown Browser on library computers?\nAnswer: Yes, the Respondus Lockdown Browser is installed on all public library computers at all of our library locations, as well as on computers managed at ASU computing sites. To access it, you need to follow these instructions : In the Windows Search bar in the bottom left corner of the screen, search for ""Lockdown"" (note: searching for ""Respondus"" will not work.) Click on the link for ""Lockdown Browser - Lab Edition"" A ""Choose Server"" pop-up window will appear - select ""Canvas at ASU"" from the drop-down menu. Log in with your ASURITE ID and password when prompted. Your browser should now be locked and you should see your Canvas courses. Navigate to the appropriate course and quiz/test. To exit the Lockdown Browser, click on the red X in the top right hand corner and answer the prompt as appropriate. Please note that all applications, including Lockdown Browser, are managed by the University Technology Office, not ASU Library. If you have questions or are experiencing technical difficulties using the Lockdown Browser, please contact the UTO Experience Center .', 'FAQ Question: How do I clear the cache and cookies in my web browser?\nAnswer: If you\'re experiencing issues accessing full-text library resources, clearing your browser\'s cache, cookies, and browsing history may resolve the problem. Follow these steps: Confirm the basics first: Are you a current ASU student, faculty, or staff member? Are you signed in to the ASU Library website ? If you answered ""yes"" to both, try the steps below to clear your cache. You may need to try both methods if the issue persists. Keyboard Shortcut for Most Browsers If you\'re using Internet Explorer, Edge, Google Chrome, or Mozilla Firefox, you can quickly clear your cache using a keyboard shortcut: Open your browser. Press Ctrl ( Cmd ) + Shift + Delete simultaneously on your keyboard. This will open a window where you can clear your cache, cookies, and browsing history. Select the appropriate options and proceed to clear the data. For time range, select\xa0"" All time "" or "" Everything ."" Close/quit the browser and restart it after clearing the cache and cookies. Additional Help by Browser: Clear cache in Chrome Clear cache in Firefox Clear cache in Safari Consider the following additional browser-related settings: Disable Browser Extensions : Some extensions, especially ad-blockers or privacy tools, can interfere with resource access. Temporarily disable them to see if access improves. Update Your Browse r: Ensure you\'re using the latest version of your browser, as outdated versions may have compatibility issues. Enable Cookies and JavaScript : Many library resources require cookies and JavaScript. Verify that these are enabled in your browser settings. Check Pop-Up Blocker Settings : Some resources open in new windows. Ensure your pop-up blocker is configured to allow pop-ups from library websites. Use a Supported Browser : While most modern browsers are compatible, some resources may work better with specific browsers. If you encounter issues, try accessing the resource using a different browser. Still having trouble? If these steps do not resolve the issue, please contact us for support. Be sure to include screenshots or a video that shows the full URL in the browser.']","Yes, you can use Respondus Lockdown Browser on library computers. The Respondus Lockdown Browser is installed on all public library computers at all ASU library locations, as well as on computers managed at ASU computing sites. To access it, you need to follow these instructions: 

1. Search for ""Lockdown"" in the Windows Search bar (note: searching for ""Respondus"" will not work).
2. Click on the link for ""Lockdown Browser - Lab Edition"".
3. A ""Choose Server"" pop-up window will appear - select ""Canvas at ASU"" from the drop-down menu.
4. Log in with your ASURITE ID and password when prompted.
5. Your browser should now be locked and you should see your Canvas courses. Navigate to the appropriate course and quiz/test.
6. To exit the Lockdown Browser, click on the red X in the top right hand corner and answer the prompt as appropriate.

If you have questions or are experiencing technical difficulties using the Lockdown Browser, please contact the UTO Experience Center.
https://askalibrarian.asu.edu/","Yes, the Respondus Lockdown Browser is installed on all public library computers at all of our library locations, as well as on computers managed at ASU computing sites. To access it, you need to follow these instructions : In the Windows Search bar in the bottom left corner of the screen, search for ""Lockdown"" (note: searching for ""Respondus"" will not work.) Click on the link for ""Lockdown Browser - Lab Edition"" A ""Choose Server"" pop-up window will appear - select ""Canvas at ASU"" from the drop-down menu. Log in with your ASURITE ID and password when prompted. Your browser should now be locked and you should see your Canvas courses. Navigate to the appropriate course and quiz/test. To exit the Lockdown Browser, click on the red X in the top right hand corner and answer the prompt as appropriate. Please note that all applications, including Lockdown Browser, are managed by the University Technology Office, not ASU Library. If you have questions or are experiencing technical difficulties using the Lockdown Browser, please contact the UTO Experience Center .",0.8571428571428571,0.9679020653384697,0.9999999999,1.0
My instructor wants us to use credible sources. How do I know what's good?,"[""FAQ Question: My instructor wants us to use credible sources. How do I know what's good?\nAnswer: Many instructors want you to use factual information that appears in reputable scholarly journals or books rather than opinions or unreliable sources found online from an unknown party.\xa0 Most of our library databases let you limit your search to scholarly resources, but even those can include opinionated sections that may not be what your instructor wants. First, make sure you know what types of resources are acceptable for your assignment!\xa0 Sometimes newspaper articles are acceptable, but sometimes they are not! Book reviews in a scholarly journal may be ok, but maybe not! So check with your instructor or check your syllabus for specific resource types that are allowed or not allowed. Need to learn how to evaluate resources? Read the script or view the tutorial about Evaluating Resources!"", 'Research Guide: Misinformation\nLink: https://libguides.asu.edu/misinformation']","To determine what's a good credible source, you should first check with your instructor or review your syllabus to see what types of resources are acceptable for your assignment. Many instructors prefer factual information from reputable scholarly journals or books rather than opinions or unreliable sources found online. 

You can also limit your search to scholarly resources in most of our library databases. However, even scholarly resources can include opinionated sections that may not be suitable for your assignment. For example, book reviews in a scholarly journal may be acceptable, but it depends on your instructor's requirements. Newspaper articles may also be acceptable in some cases, but not in others.

If you need to learn how to evaluate resources, you can read the script or view the tutorial about Evaluating Resources. Additionally, you can visit the Research Guide: Misinformation at https://libguides.asu.edu/misinformation for more information. 
https://libguides.asu.edu/misinformation","Many instructors want you to use factual information that appears in reputable scholarly journals or books rather than opinions or unreliable sources found online from an unknown party.  Most of our library databases let you limit your search to scholarly resources, but even those can include opinionated sections that may not be what your instructor wants. First, make sure you know what types of resources are acceptable for your assignment!  Sometimes newspaper articles are acceptable, but sometimes they are not! Book reviews in a scholarly journal may be ok, but maybe not! So check with your instructor or check your syllabus for specific resource types that are allowed or not allowed. Need to learn how to evaluate resources? Read the script or view the tutorial about Evaluating Resources!",1.0,0.8687218856661675,0.9999999999,1.0
How do I add people outside of ASU to manage my ASU Research Data Repository datasets?,"['FAQ Question: How do I add people outside of ASU to manage my ASU Research Data Repository datasets?\nAnswer: With our current ASU Research Data Repository authentication process, only submitters with asu.edu emails can create an account. Anyone outside the university can view and access published collections (known as Dataverses), but\xa0cannot directly submit/deposit or manage the metadata. If you have members of your project outside of ASU, you can have them submit their datasets and documentation to a secure sharing space like Google Drive or Dropbox and then upload the files on their behalf. If more direct interaction is desired, ASU sponsors can request that collaborators get an “affiliate ID” (ASURITE) to access ASU systems. The ID expires after one year and has to be renewed by the ASU sponsor at that time. To sponsor and request an ASU ID for your collaborators, fill out the ASU Courtesy Affiliate Request - Add or Renew form . Additional workarounds for research teams may include using the Dataverse API , research notebooks like LabArchives , or the OSF as a collaboration platform, and connecting the OSF to Dataverse (which uses an API token). For information on adding co-owners, see our FAQ entry on adding users or co-owners to my datasets .', 'FAQ Question: How do I add users or co-owners to my datasets in the ASU Research Data Repository?\nAnswer: We are using ASU single sign-on as the only method for signing in, and users add their accounts. Library admins cannot add them before they sign in for the first time, and users have read-only access when they are initially added. ASU Library staff provide permissions. Please contact the library and notify us which user you need added, after they have signed into the repository explorer page for the first time. Accounts are created at the time of first sign-in, and after that, the library repository administration team can add them to the account with the appropriate permission levels and even assign them to groups. If you only want\xa0to list someone\xa0as an author, but not grant permissions to manage your datasets, add their name in the metadata author fields and there is no need for them to sign into the repository. In a nutshell: You invite contributors by giving them the repository link, and they sign in to create an account, and then you request that we grant them access.\xa0The library cannot create accounts for them before they sign in. See Roles and Permissions in the Dataverse Platform Users Guide']","To add people outside of ASU to manage your ASU Research Data Repository datasets, you have a few options. Since only submitters with asu.edu emails can create an account, anyone outside the university can view and access published collections (known as Dataverses), but cannot directly submit or manage the metadata. 

You can have them submit their datasets and documentation to a secure sharing space like Google Drive or Dropbox, and then upload the files on their behalf. Alternatively, ASU sponsors can request that collaborators get an “affiliate ID” (ASURITE) to access ASU systems. The ID expires after one year and has to be renewed by the ASU sponsor at that time. To sponsor and request an ASU ID for your collaborators, you can fill out the ASU Courtesy Affiliate Request - Add or Renew form.

Additional workarounds for research teams may include using the Dataverse API, research notebooks like LabArchives, or the OSF as a collaboration platform, and connecting the OSF to Dataverse (which uses an API token). 

For more information on adding co-owners, you can also refer to the FAQ entry on adding users or co-owners to your datasets. 📊💻
https://askalibrarian.asu.edu/","With our current ASU Research Data Repository authentication process, only submitters with asu.edu emails can create an account. Anyone outside the university can view and access published collections (known as Dataverses), but cannot directly submit/deposit or manage the metadata. If you have members of your project outside of ASU, you can have them submit their datasets and documentation to a secure sharing space like Google Drive or Dropbox and then upload the files on their behalf. If more direct interaction is desired, ASU sponsors can request that collaborators get an “affiliate ID” (ASURITE) to access ASU systems. The ID expires after one year and has to be renewed by the ASU sponsor at that time. To sponsor and request an ASU ID for your collaborators, fill out the ASU Courtesy Affiliate Request - Add or Renew form . Additional workarounds for research teams may include using the Dataverse API , research notebooks like LabArchives , or the OSF as a collaboration platform, and connecting the OSF to Dataverse (which uses an API token). For information on adding co-owners, see our FAQ entry on adding users or co-owners to my datasets .",1.0,0.999333849748594,0.9999999999,1.0
Does ASU offer any plagiarism checkers?,"['FAQ Question: Does ASU offer any plagiarism checkers?\nAnswer: ASU currently uses Turnitin (TII) as part of the Canvas Classroom Management Software. Instructors - Turnitin must be activated for each assignment. Check ASU’s How to Enable Turnitin for Online Assignments information page! Students - Check your assignment in Canvas to see if Turnitin has been activated.', 'FAQ Question: What is plagiarism and how can I prevent it?\nAnswer: Take a look at our library guide search results on Academic Integrity . It includes valuable information plus links to additional resources to help you! We also have tutorials about these topics: Academic Integrity Plagiarism Awareness']","Yes, ASU currently uses Turnitin (TII) as part of the Canvas Classroom Management Software. Instructors need to activate Turnitin for each assignment, and students can check their assignment in Canvas to see if Turnitin has been activated. You can find more information on how to enable Turnitin for online assignments on ASU's website. 📚
https://askalibrarian.asu.edu/",ASU currently uses Turnitin (TII) as part of the Canvas Classroom Management Software. Instructors - Turnitin must be activated for each assignment. Check ASU’s How to Enable Turnitin for Online Assignments information page! Students - Check your assignment in Canvas to see if Turnitin has been activated.,0.8,0.6881424598884021,0.9999999999,1.0
What is the web address (URL) for the ASU Library Catalog?,"[""FAQ Question: What is the web address (URL) for the ASU Library Catalog?\nAnswer: From either of these URL locations, use the large search box's dropdown to select : ASU Library Catalog https://search.lib.asu.edu https://lib.asu.edu"", 'FAQ Question: What is the address of the ASU Library?\nAnswer: Addresses (mailing and physical addresses) for ASU Library locations can be found online at: https://lib.asu.edu/locations']","The web address (URL) for the ASU Library Catalog can be accessed from two locations: https://search.lib.asu.edu or https://lib.asu.edu. From either of these URLs, you can use the large search box's dropdown to select the ASU Library Catalog. 📚
https://lib.asu.edu","From either of these URL locations, use the large search box's dropdown to select : ASU Library Catalog https://search.lib.asu.edu https://lib.asu.edu",1.0,0.987423731254829,0.9999999999,1.0
Do you have any tutorials about general research skills?,"['FAQ Question: Do you have any tutorials about general research skills?\nAnswer: Need to learn about general research skills? Here is a list of tutorials designed by our experts to get you started... Developing a Research Question Evaluating Resources Finding and Using Background Research Generating and Using Keywords Introduction to ASU Library Introduction to University Research PICO: Research Questions for Health Sciences Research Guidance Topic Identification and Selection And we have more tutorials to help you! Tutorials web page', 'FAQ Question: Do you have any tutorials about finding articles?\nAnswer: Need to learn about finding articles? Here is a list of tutorials designed by our experts to get you started... Empirical / Primary Research Articles Finding and Using Article Types Peer-Reviewed Journal Articles Using Search Connectors When Searching Databases Web vs Library Research Databases And we have more tutorials to help you! Tutorials web page: https://lib.asu.edu/tutorials']","Yes, we have several tutorials designed by our experts to help you get started with general research skills. These tutorials cover topics such as:
- Developing a Research Question
- Evaluating Resources
- Finding and Using Background Research
- Generating and Using Keywords
- Introduction to ASU Library
- Introduction to University Research
- PICO: Research Questions for Health Sciences
- Research Guidance
- Topic Identification and Selection

You can find these tutorials and more on our Tutorials web page. https://lib.asu.edu/tutorials",Need to learn about general research skills? Here is a list of tutorials designed by our experts to get you started... Developing a Research Question Evaluating Resources Finding and Using Background Research Generating and Using Keywords Introduction to ASU Library Introduction to University Research PICO: Research Questions for Health Sciences Research Guidance Topic Identification and Selection And we have more tutorials to help you! Tutorials web page,1.0,0.8329044873096091,0.99999999995,1.0
Are there due dates or fees for interlibrary loan items? Can I renew ILL items?,"['FAQ Question: Are there due dates or fees for interlibrary loan items? Can I renew ILL items?\nAnswer: Yes, interlibrary loan items have due dates and overdue fees.\xa0 These differ depending on the item type and library who is lending the item to you. Due dates For physical items, you can check the due date on the strap attached to the item, or through your ILLiad account .\xa0 The average loan period for most physical items is between 4 and 8 weeks. Electronically delivered items like articles and ebooks do not need to be returned.\xa0 Your access will automatically expire after 60 days. Overdue fees Most ILL items are free to request, receive, and return. For interlibrary loan items that are not returned by the due date, there is a \xa0there is a $5 per day late fee with a maximum overdue fee of $25, and a default $150.00 replacement fee.\xa0The replacement fee may be adjusted depending on the actual cost of the item billed by the library who owns the item.\xa0 We have a high overdue fee as many libraries will block us from requesting any materials when their items are returned late. Home Delivery items are shipped FedEx 2 Day, and include a FedEx Ground return label.\xa0 You are responsible for overdue, damaged, and lost items. Renewals Renewals are usually not available for interlibrary loan items.\xa0To have ILL staff negotiate an extension on a due date with the owning library, please contact us prior to the due date on the item. For more information, contact the ASU Library Interlibrary Loan Department (Monday-Friday, 8am-5pm): (480) 965-3282 Email: ASU-ILL@asu.edu libguides.asu.edu/ill', 'FAQ Question: What items can I request through interlibrary loan? What can’t I request?\nAnswer: You can request these types of items through interlibrary loan: Books Book chapters (up to 3 per book) Journal articles (up to 3 per journal issue) Government documents Theses and dissertations Some media (CDs, DVDs) Some ebooks These items are not available to request: Textbooks Items for personal/non-academic use Entire journal issues Some media (CDs, DVDs) Some ebooks There is no limit to the amount of requests you can submit.\xa0 However, we recommend that you only request materials you can use in a reasonable amount of time to avoid overdue fees.\xa0 Renewals are not usually available. For more information, contact the ASU Library Interlibrary Loan Department (Monday-Friday, 8am-5pm): (480) 965-3282 Email: ASU-ILL@asu.edu libguides.asu.edu/ill']","Yes, interlibrary loan items have due dates and overdue fees. The due dates differ depending on the item type and the library that is lending the item to you. For physical items, you can check the due date on the strap attached to the item or through your ILLiad account. The average loan period for most physical items is between 4 and 8 weeks. 

Electronically delivered items, such as articles and ebooks, do not need to be returned, and your access will automatically expire after 60 days. 

Most ILL items are free to request, receive, and return. However, for interlibrary loan items that are not returned by the due date, there is a $5 per day late fee with a maximum overdue fee of $25, and a default $150.00 replacement fee. The replacement fee may be adjusted depending on the actual cost of the item billed by the library that owns the item.

Renewals are usually not available for interlibrary loan items. To have ILL staff negotiate an extension on a due date with the owning library, please contact them prior to the due date on the item. You can contact the ASU Library Interlibrary Loan Department (Monday-Friday, 8am-5pm) at (480) 965-3282 or email ASU-ILL@asu.edu for more information. 
https://libguides.asu.edu/ill","Yes, interlibrary loan items have due dates and overdue fees.  These differ depending on the item type and library who is lending the item to you. Due dates For physical items, you can check the due date on the strap attached to the item, or through your ILLiad account .  The average loan period for most physical items is between 4 and 8 weeks. Electronically delivered items like articles and ebooks do not need to be returned.  Your access will automatically expire after 60 days. Overdue fees Most ILL items are free to request, receive, and return. For interlibrary loan items that are not returned by the due date, there is a  there is a $5 per day late fee with a maximum overdue fee of $25, and a default $150.00 replacement fee. The replacement fee may be adjusted depending on the actual cost of the item billed by the library who owns the item.  We have a high overdue fee as many libraries will block us from requesting any materials when their items are returned late. Home Delivery items are shipped FedEx 2 Day, and include a FedEx Ground return label.  You are responsible for overdue, damaged, and lost items. Renewals Renewals are usually not available for interlibrary loan items. To have ILL staff negotiate an extension on a due date with the owning library, please contact us prior to the due date on the item. For more information, contact the ASU Library Interlibrary Loan Department (Monday-Friday, 8am-5pm): (480) 965-3282 Email: ASU-ILL@asu.edu libguides.asu.edu/ill",1.0,0.9143355614184284,0.99999999995,1.0
I will be graduating soon. How will that affect my due dates for library materials?,"['FAQ Question: I will be graduating soon. How will that affect my due dates for library materials?\nAnswer: Congratulations on your graduation from ASU! Due dates: Graduation will not affect the due dates of materials checked out on your library account, even if they are due after graduation. Just remember, once you graduate, you will not be able to renew your library items. Library fees/fines: Yes, delinquent fees for library materials may affect graduation . Library billing contacts, policies, appeals, etc.', ""FAQ Question: When I tried to renew my library books, it gave me today as the due date. What's wrong?\nAnswer: Please take another look! Your books could be due next year ! If you renewed your books today and it shows today as the due date: Perhaps our library system thinks today is your last day with ASU (as student, faculty or staff). Contact us! so we can check our records!""]","Congratulations on your upcoming graduation from ASU. According to the library's policy, graduation will not affect the due dates of materials checked out on your library account, even if they are due after graduation. However, once you graduate, you will not be able to renew your library items. It's also important to note that delinquent fees for library materials may affect your graduation. If you have any concerns or questions, you can contact the library for more information. 
https://askalibrarian.asu.edu/","Congratulations on your graduation from ASU! Due dates: Graduation will not affect the due dates of materials checked out on your library account, even if they are due after graduation. Just remember, once you graduate, you will not be able to renew your library items. Library fees/fines: Yes, delinquent fees for library materials may affect graduation . Library billing contacts, policies, appeals, etc.",0.8333333333333334,0.9138911144695315,0.99999999995,1.0
What do I do if I received the wrong item through Interlibrary Loan?,"[""FAQ Question: What do I do if I received the wrong item through Interlibrary Loan?\nAnswer: For articles: Reply to the original email notice telling us what the problem is and we’ll ask the lending library to send the correct article. If you've deleted the email already, send an email to ASU-ILL@asu.edu .\xa0 Be sure to include the TN# (transaction number). For books or other loans: Please return it to Interlibrary Loan as soon as possible and tell us the problem. You can also call or email us, including the TN# and the problem, at (480) 965-3282 or ASU-ILL@asu.edu . The wrong item will be returned to the lending library and the correct one will be reordered. Interlibrary Loan cannot reorder material\xa0until it has been checked in and returned to the owning library."", 'FAQ Question: Are there due dates or fees for interlibrary loan items? Can I renew ILL items?\nAnswer: Yes, interlibrary loan items have due dates and overdue fees.\xa0 These differ depending on the item type and library who is lending the item to you. Due dates For physical items, you can check the due date on the strap attached to the item, or through your ILLiad account .\xa0 The average loan period for most physical items is between 4 and 8 weeks. Electronically delivered items like articles and ebooks do not need to be returned.\xa0 Your access will automatically expire after 60 days. Overdue fees Most ILL items are free to request, receive, and return. For interlibrary loan items that are not returned by the due date, there is a \xa0there is a $5 per day late fee with a maximum overdue fee of $25, and a default $150.00 replacement fee.\xa0The replacement fee may be adjusted depending on the actual cost of the item billed by the library who owns the item.\xa0 We have a high overdue fee as many libraries will block us from requesting any materials when their items are returned late. Home Delivery items are shipped FedEx 2 Day, and include a FedEx Ground return label.\xa0 You are responsible for overdue, damaged, and lost items. Renewals Renewals are usually not available for interlibrary loan items.\xa0To have ILL staff negotiate an extension on a due date with the owning library, please contact us prior to the due date on the item. For more information, contact the ASU Library Interlibrary Loan Department (Monday-Friday, 8am-5pm): (480) 965-3282 Email: ASU-ILL@asu.edu libguides.asu.edu/ill']","If you received the wrong item through Interlibrary Loan, don't worry, it's an easy fix 🙌. For articles, you can simply reply to the original email notice and let us know what the problem is. We'll ask the lending library to send the correct article. If you've already deleted the email, you can send a new email to ASU-ILL@asu.edu, making sure to include the transaction number (TN#).

For books or other loans, please return the incorrect item to Interlibrary Loan as soon as possible and let us know what the problem is. You can also call or email us at (480) 965-3282 or ASU-ILL@asu.edu, including the TN# and the issue. We'll take care of returning the wrong item to the lending library and reordering the correct one.

Remember to include the TN# in your communication so we can quickly identify the issue and resolve it for you. 

For more information, you can visit: libguides.asu.edu/ill","For articles: Reply to the original email notice telling us what the problem is and we’ll ask the lending library to send the correct article. If you've deleted the email already, send an email to ASU-ILL@asu.edu .  Be sure to include the TN# (transaction number). For books or other loans: Please return it to Interlibrary Loan as soon as possible and tell us the problem. You can also call or email us, including the TN# and the problem, at (480) 965-3282 or ASU-ILL@asu.edu . The wrong item will be returned to the lending library and the correct one will be reordered. Interlibrary Loan cannot reorder material until it has been checked in and returned to the owning library.",0.9230769230769231,0.9988076832446807,0.9999999999,1.0
How do I get technical help with ASU Library resources?,"['FAQ Question: How do I get technical help with ASU Library resources?\nAnswer: Technical help (ASU Library) If you are experiencing technical problems with any library online resource, such as broken links, catalog errors, database* problems, etc. and your attempts to troubleshoot the issue have failed, You can request help at: https://lib.asu.edu/systems/help . Sign in with your ASURITE ID and password Fill out and submit\xa0the form One of our technical support staff will respond via email to you as soon as possible. *For ""400 Bad Request: Request Header or Cookie Too Large"" errors when trying to access an article or database , please try the fixes listed in that FAQ before submitting a ticket.', 'FAQ Question: How do I get technical help for non-library issues?\nAnswer: For technical problems with\xa0university\xa0resources such as the ASU\xa0wireless network, connectivity issues, and password problems, start at the main ASU Contact page to get to the correct unit to assist you.']","If you're experiencing technical issues with ASU Library resources, such as broken links, catalog errors, or database problems, you can request help at https://lib.asu.edu/systems/help. To do this, simply sign in with your ASURITE ID and password, fill out the form, and submit it. One of the technical support staff will respond to you via email as soon as possible. If you're getting a ""400 Bad Request: Request Header or Cookie Too Large"" error when trying to access an article or database, please try the fixes listed in the FAQ before submitting a ticket. 
https://lib.asu.edu/systems/help","Technical help (ASU Library) If you are experiencing technical problems with any library online resource, such as broken links, catalog errors, database* problems, etc. and your attempts to troubleshoot the issue have failed, You can request help at: https://lib.asu.edu/systems/help . Sign in with your ASURITE ID and password Fill out and submit the form One of our technical support staff will respond via email to you as soon as possible. *For ""400 Bad Request: Request Header or Cookie Too Large"" errors when trying to access an article or database , please try the fixes listed in that FAQ before submitting a ticket.",0.8888888888888888,0.9292864704657419,0.9999999999,1.0
How do I cancel a request for a book from another ASU library?,"['FAQ Question: How do I cancel a request for a book from another ASU library?\nAnswer: Want to cancel your request? To cancel a request you made for one of our ASU Library items: From the library home page : https://lib.asu.edu In the black header, pause on: Accounts In the drop-down list, click on: My Library Account Sign-in with your ASURITE ID and password, if prompted. Click on: View Holds Select and cancel the items you no longer want. Or you may call the ASU Library and we will cancel your request for you. Call us\xa0at: 480-965-3605', 'FAQ Question: Can someone else pick up my interlibrary loan items for me, on my behalf?\nAnswer: Yes, ASU students, faculty and staff may authorize another individual, as a “proxy”, to use their Library account to transact library business in their name. Community card borrowers are not eligible for this service. How to apply To apply for a proxy card, visit our Proxy Accounts page and print the application form. Conditions and agreements It is important to remember the following conditions when requesting this service: The named individual has your permission to use your library account to transact library business in your name. You are responsible for all library materials checked out using your ASU Library\xa0account.\xa0 This includes proper return to one of the ASU Library and any fines incurred. Proxies must present their own photo ID card and indicate that they are borrowing\xa0materials under Proxy at time of checkout. The status of all proxies is reviewed annually in May.\xa0Proxy status for all Teaching Assistants expires in May.\xa0To renew, submit a new form. You may give someone who is not a designated proxy permission to check out library materials with your ASU ID card. To do so, please have them present their own ID, your ASU ID and a signed, dated, written permission from you. Questions? Please contact the Circulation Department at circ@asu.edu or 480-965-3605 with any questions. More information: https://lib.asu.edu/access/proxy']","To cancel a request for a book from another ASU library, you can follow these steps: 
1. Go to the library home page at https://lib.asu.edu.
2. In the black header, pause on ""Accounts"" and click on ""My Library Account"" from the drop-down list.
3. Sign in with your ASURITE ID and password if prompted.
4. Click on ""View Holds"" and select the items you no longer want.
5. Cancel the items.

Alternatively, you can call the ASU Library at 480-965-3605, and they will cancel your request for you.

For more information, you can visit the ASU Library website at https://lib.asu.edu.","Want to cancel your request? To cancel a request you made for one of our ASU Library items: From the library home page : https://lib.asu.edu In the black header, pause on: Accounts In the drop-down list, click on: My Library Account Sign-in with your ASURITE ID and password, if prompted. Click on: View Holds Select and cancel the items you no longer want. Or you may call the ASU Library and we will cancel your request for you. Call us at: 480-965-3605",1.0,1.0,0.9999999999,1.0
"How do I ask the library to purchase or subscribe to a new resource – book, ebook, journal, magazine, database, etc.?","['FAQ Question: How do I ask the library to purchase or subscribe to a new resource – book, ebook, journal, magazine, database, etc.?\nAnswer: Want to ask the library to purchase or subscribe to a new resource? Suggest a new resource using our request / suggestion form at https://lib.asu.edu/services/request/suggest', 'FAQ Question: What items can I request through interlibrary loan? What can’t I request?\nAnswer: You can request these types of items through interlibrary loan: Books Book chapters (up to 3 per book) Journal articles (up to 3 per journal issue) Government documents Theses and dissertations Some media (CDs, DVDs) Some ebooks These items are not available to request: Textbooks Items for personal/non-academic use Entire journal issues Some media (CDs, DVDs) Some ebooks There is no limit to the amount of requests you can submit.\xa0 However, we recommend that you only request materials you can use in a reasonable amount of time to avoid overdue fees.\xa0 Renewals are not usually available. For more information, contact the ASU Library Interlibrary Loan Department (Monday-Friday, 8am-5pm): (480) 965-3282 Email: ASU-ILL@asu.edu libguides.asu.edu/ill']","To ask the library to purchase or subscribe to a new resource, you can use the request/suggestion form provided by the library. The form is available at https://lib.asu.edu/services/request/suggest. This form allows you to suggest new resources such as books, ebooks, journals, magazines, databases, and more. Simply fill out the form with the details of the resource you're interested in, and the library will consider your request. 📚
https://lib.asu.edu/services/request/suggest",Want to ask the library to purchase or subscribe to a new resource? Suggest a new resource using our request / suggestion form at https://lib.asu.edu/services/request/suggest,0.6,0.9282998470887864,0.9999999999,1.0
Does ASU Library have maps or geospatial services?,"['FAQ Question: Does ASU Library have maps or geospatial services?\nAnswer: Map and Geospatial Hub Our Map and Geospatial Hub advances the use of geographically-referenced information by expanding access to, and support for, cartographic resources and geospatial technologies for the ASU community and beyond. In-person visits are by appointment only. Visit our webpage : Make a service request form.', ""Database: ASU GeoData\nDescription: Geospatial datasets, maps, and imagery curated byASU Library's Map and Geospatial Hub, along with links to external geographic data platforms for research and exploration.\nLink: https://libguides.asu.edu/asu-geodata""]","Yes, the ASU Library has maps and geospatial services. The Map and Geospatial Hub is a resource that advances the use of geographically-referenced information by expanding access to, and support for, cartographic resources and geospatial technologies for the ASU community and beyond. In-person visits are by appointment only. You can visit their webpage to make a service request form. Additionally, the ASU Library provides access to the ASU GeoData database, which includes geospatial datasets, maps, and imagery curated by the Map and Geospatial Hub, along with links to external geographic data platforms for research and exploration. 
https://libguides.asu.edu/asu-geodata","Map and Geospatial Hub Our Map and Geospatial Hub advances the use of geographically-referenced information by expanding access to, and support for, cartographic resources and geospatial technologies for the ASU community and beyond. In-person visits are by appointment only. Visit our webpage : Make a service request form.",1.0,0.957915495266046,0.99999999995,1.0
Where can I find a permanent link to an item I found in One Search?,"['FAQ Question: Where can I find a permanent link to an item I found in One Search?\nAnswer: To find the persistent URL or permalink for a record you found in One Search... In the short display The short display is usually part of your results list as a numbered item (such as the number 3 item in your results list). Along the top right of the short display for the record, look for and click the three dots icon (...). In the resulting list of action options, click on ""permalink"" to display a URL that you can copy and paste for future use . In the full record display From the short record in the results list, click the title of the item until you find the longer full record for the item.\xa0 If there were multiple formats listed in the short record, you may need to click on the title in the new numbered list of short records, and then click on the title of an item to get to the full record! Look for the ""Send to"" section of the record to find the permalink. Then click on ""permalink"" to display a URL that you can copy and paste for future use.', 'FAQ Question: How do I find an item if I already have the full citation - author, title, etc.?\nAnswer: There are several ways to see if we have the article, book, or other item you need. Use our Citation Linker . Remember to select the appropriate option on the form for: Article\xa0(includes DOI search field) Book Journal\xa0(includes DOI search field) Search by DOI with the DOI (Digital Object Identifier) Resolver Search by the citation information in ASU Library\'s One Search * Place quotation marks around the article title so that the words are searched as that particular phrase. Example: "" University of transformation: Michael Crow at Arizona State University ""']","To find the permanent link, also known as the permalink, for an item you found in One Search, you can follow these steps. 

If you're looking at the short display of the item in your results list, click the three dots icon (...) at the top right corner of the short display. Then, in the list of action options that appears, click on ""permalink"" to display the URL that you can copy and paste for future use.

Alternatively, if you're looking at the full record display of the item, you can find the permalink in the ""Send to"" section of the record. Just click on ""permalink"" to display the URL that you can copy and paste for future use.

I hope that helps you find the permanent link you need 📚. 
https://askalibrarian.asu.edu/","To find the persistent URL or permalink for a record you found in One Search... In the short display The short display is usually part of your results list as a numbered item (such as the number 3 item in your results list). Along the top right of the short display for the record, look for and click the three dots icon (...). In the resulting list of action options, click on ""permalink"" to display a URL that you can copy and paste for future use . In the full record display From the short record in the results list, click the title of the item until you find the longer full record for the item.  If there were multiple formats listed in the short record, you may need to click on the title in the new numbered list of short records, and then click on the title of an item to get to the full record! Look for the ""Send to"" section of the record to find the permalink. Then click on ""permalink"" to display a URL that you can copy and paste for future use.",1.0,0.9630249187013812,0.9999999999,1.0
Can you give me a link to the Index Translationum database?,"['Database: Index Translationum\nDescription: Coverage:1979 +Maximum Concurrent Users:UnlimitedThe Index Translationum includes a list of all translated books, covering all disciplines and over 500 languages including English.\nLink: https://libguides.asu.edu/translationum', 'Database: International Medieval Bibliography\nDescription: Multilingual database indexing journal articles, essay collections, and conference proceedings on the Middle Ages in Europe, the Middle East, and North Africa.\nLink: https://libguides.asu.edu/imbo']","The Index Translationum database is available at https://libguides.asu.edu/translationum. This database includes a list of all translated books, covering all disciplines and over 500 languages, including English. 
https://libguides.asu.edu/translationum",Here is the link to the Index Translationum database: https://libguides.asu.edu/translationum,1.0,0.9837245294875934,0.9999999999,1.0
Can you give me a link to the Arizona Archives Online database?,"['Database: Arizona Archives Online\nDescription: A collaborative project that provides searchable finding aids for archival collections across Arizona, including universities, historical institutions, and museums, with plans to expand to include digital content from selected collections.\nLink: https://libguides.asu.edu/azarchonline', 'Database: Arizona Republic (ProQuest)\nDescription: Find articles, editorials, notices, and obituaries from the Arizona Republic since 1999, excluding images and ads.\nLink: https://libguides.asu.edu/azrepublic']","The Arizona Archives Online database is a collaborative project that provides searchable finding aids for archival collections across Arizona. You can access it at https://libguides.asu.edu/azarchonline. This database is a great resource for finding archival collections from universities, historical institutions, and museums in Arizona. 
https://libguides.asu.edu/azarchonline",Here is the link to the Arizona Archives Online database: https://libguides.asu.edu/azarchonline,1.0,0.9428208013756638,0.9999999999,1.0
Can you give me a link to the International Bibliography of Theatre & Dance with Full Text database?,"['Database: International Bibliography of Theatre & Dance with Full Text\nDescription: In‑depth, expertly indexed coverage of theatre and dance scholarship enriched with full‑text access to leading performing‑arts journals and monographs.\nLink: https://libguides.asu.edu/ibtd', 'Research Guide: Dance Resources\nLink: https://libguides.asu.edu/dance']","The International Bibliography of Theatre & Dance with Full Text database is available through the ASU Library. You can access it via this link: https://libguides.asu.edu/ibtd 

https://libguides.asu.edu/ibtd",Here is the link to the International Bibliography of Theatre & Dance with Full Text database: https://libguides.asu.edu/ibtd,1.0,0.9524120799762209,0.9999999999,1.0
Can you give me a link to the CCH AnswerConnect database?,"['Database: CCH AnswerConnect\nDescription: Offers students and tax professionals the latest tax information and support to manage and protect a business while navigating the changing US Federal and state tax landscape.\nLink: https://libguides.asu.edu/cchanswerconnect', 'Database: Forum of Federations\nDescription: Resource on federalism and related ideas and experiences.\nLink: https://libguides.asu.edu/forumfeds']","The CCH AnswerConnect database is available through the ASU Library website. You can access it at: https://libguides.asu.edu/cchanswerconnect. This database offers students and tax professionals the latest tax information and support to manage and protect a business while navigating the changing US Federal and state tax landscape. 
https://libguides.asu.edu/cchanswerconnect",Here is the link to the CCH AnswerConnect database: https://libguides.asu.edu/cchanswerconnect,1.0,0.9496137484320195,0.9999999999,1.0
Can you give me a link to the BBC Shakespeare Plays database?,"['Database: Digital Theatre+\nDescription: A digital streaming collection of over 1000 full-length films of Shakespeare plays, modern dramas, classical music, dance, musicals, opera and adaptations of classic novels. Digital Theatre Plus includes behind-the-scenes documentaries as well as teaching and learning resources to facilitate a deeper understanding of the productions and texts. Learning resources include a detailed introduction, plot summary, character biographies, a relationship map, language analysis, scene study, performance background and historical context for each play.\nLink: https://libguides.asu.edu/digitaltheatre', 'Database: BBC Shakespeare Plays\nDescription: Maximum Concurrent Users:UnlimitedTelevision adaptations of all 37 Shakespeare plays, produced by the BBC between 1978 and 1985. These have become standard productions for educational purposes.\nLink: https://libguides.asu.edu/bbcshakespeare']","You can access the BBC Shakespeare Plays database through this link: https://libguides.asu.edu/bbcshakespeare. This database features television adaptations of all 37 Shakespeare plays, produced by the BBC between 1978 and 1985, which are great for educational purposes 📚. 
https://libguides.asu.edu/bbcshakespeare",Here is the link to the BBC Shakespeare Plays database: https://libguides.asu.edu/bbcshakespeare,1.0,0.9516005161884156,0.49999999995,1.0
Can you give me a link to the Knovel database?,"['Database: Knovel\nDescription: Access thousands of engineering, technology, and science reference works, including data searching tools, a periodic table, unit converters, and interactive equations for research and problem-solving.\nLink: https://libguides.asu.edu/knovel', ""Database: Neue Mozart Ausgabe Online\nDescription: Find digitized scores and critical commentaries of Mozart's complete works, offering searchable access by Köchel number, key, editor, and more.\nLink: https://libguides.asu.edu/neuemozart""]","The Knovel database is a great resource for engineering, technology, and science reference works. You can access it at https://libguides.asu.edu/knovel. This database provides access to thousands of reference works, including data searching tools, a periodic table, unit converters, and interactive equations for research and problem-solving. 
https://libguides.asu.edu/knovel",Here is the link to the Knovel database: https://libguides.asu.edu/knovel,1.0,0.9403051078550256,0.9999999999,1.0
Can you give me a link to the International Nuclear Information System (INIS) database?,"['Database: International Nuclear Information System (INIS)\nDescription: Open-access resource providing global coverage of scientific and technical literature on nuclear science and technology, including engineering, safety, and peaceful applications.\nLink: https://libguides.asu.edu/inis', 'Database: IOPScience\nDescription: Full text of selected Institute of Physics (IOP) journals.\nLink: https://libguides.asu.edu/instphysics']","The International Nuclear Information System (INIS) is an open-access resource that provides global coverage of scientific and technical literature on nuclear science and technology. You can access it through this link: https://libguides.asu.edu/inis 📚
https://libguides.asu.edu/inis",Here is the link to the International Nuclear Information System (INIS) database: https://libguides.asu.edu/inis,1.0,0.9298901214671896,0.9999999999,1.0
Can you give me a link to the Black Thought and Culture database?,"['Database: Black Thought and Culture\nDescription: Full-text access to 100,000 pages of non-fiction writings by over 1,000 prominent Black leaders, including abolitionists, civil rights activists, and scholars. Spanning 250 years of history, it features letters, speeches, interviews, essays, and periodicals.\nLink: https://libguides.asu.edu/bltc', 'Database: Black Studies Center\nDescription: A cross-searchable gateway to Black Studies, featuring scholarly essays, periodicals, historical newspapers, reference books, and more for research and teaching.\nLink: https://libguides.asu.edu/blackstudies']","The Black Thought and Culture database is available through the ASU Library, and you can access it at https://libguides.asu.edu/bltc. This database provides full-text access to over 100,000 pages of non-fiction writings by prominent Black leaders, including abolitionists, civil rights activists, and scholars. 📚
https://libguides.asu.edu/bltc",Here is the link to the Black Thought and Culture database: https://libguides.asu.edu/bltc,1.0,0.9467714189440558,0.9999999999,1.0
"Can you give me a link to the Archives of Latin American and Caribbean History, Sixteenth to Twentieth Century (Gale Primary Sources) database?","['Database: Archives of Latin American and Caribbean History, Sixteenth to Twentieth Century (Gale Primary Sources)\nDescription: Extensive archival material covering Latin American and Caribbean culture and history from the 15th to the 20th century, featuring over 1 million pages curated by leading scholars.\nLink: https://libguides.asu.edu/archiveslacarib', 'Research Guide: How to find Online Resources regarding Codices and Colonial Latin American Documents.\nLink: https://libguides.asu.edu/ColonialLatinAmerica-Codices-Docs']","The Archives of Latin American and Caribbean History, Sixteenth to Twentieth Century (Gale Primary Sources) database can be accessed through the ASU Library at the following link: https://libguides.asu.edu/archiveslacarib. This database features over 1 million pages of extensive archival material covering Latin American and Caribbean culture and history from the 15th to the 20th century. 📚
https://libguides.asu.edu/archiveslacarib","Here is the link to the Archives of Latin American and Caribbean History, Sixteenth to Twentieth Century (Gale Primary Sources) database: https://libguides.asu.edu/archiveslacarib",1.0,0.9047870374323069,0.9999999999,1.0
Can you give me a link to the MIT Press Direct database?,"['Database: MIT Press Direct\nDescription: MIT Press Direct includes two collections of scholarly e-books from MIT Press: STEAM (Science, Technology, Engineering, the Arts, and Mathematics) and HSS (Humanities and Social Sciences).\nLink: https://libguides.asu.edu/mitdirect', 'Database: Alt-PressWatch\nDescription: Access full-text articles from selected independent newspapers, magazines, and journals offering alternative perspectives on local, national, and international issues.\nLink: https://libguides.asu.edu/altpresswatch']","The MIT Press Direct database is available through the ASU Library's website. You can access it at https://libguides.asu.edu/mitdirect. This database includes two collections of scholarly e-books from MIT Press: STEAM (Science, Technology, Engineering, the Arts, and Mathematics) and HSS (Humanities and Social Sciences). 
https://libguides.asu.edu/mitdirect",Here is the link to the MIT Press Direct database: https://libguides.asu.edu/mitdirect,1.0,0.8883637497010869,0.9999999999,1.0
What are the hours for Law Library on Saturday?,"['Location: Law Library\nSunday: Closed\nMonday: 8am - 5pm\nTuesday: 8am - 5pm\nWednesday: 8am - 5pm\nThursday: 8am - 5pm\nFriday: 8am - 5pm\nSaturday: Closed', 'Location: Ask a Librarian Chat and Text Service\nSunday: Closed\nMonday: 8am - 5pm\nTuesday: 8am - 5pm\nWednesday: 8am - 5pm\nThursday: 8am - 5pm\nFriday: 8am - 5pm\nSaturday: Closed']","The Law Library is closed on Saturdays. 📚
https://askalibrarian.asu.edu/",The hours for Law Library on Saturday are: Closed.,0.5,0.9195156008030785,0.99999999995,1.0
What are the hours for Data Science and Analytics (by appt only) on Monday?,"['Location: Data Science and Analytics (by appt only)\nSunday: -\nMonday: -\nTuesday: -\nWednesday: -\nThursday: -\nFriday: -\nSaturday: -', 'Location: Map and Geospatial Hub (by appt only)\nSunday: -\nMonday: -\nTuesday: -\nWednesday: -\nThursday: -\nFriday: -\nSaturday: -']","The hours for Data Science and Analytics (by appt only) on Monday are not specified, as it says '-' for Monday. This indicates that the hours are not available or it is closed on Mondays. 
https://askalibrarian.asu.edu/",The hours for Data Science and Analytics (by appt only) on Monday are: -.,0.6,0.0,0.99999999995,1.0
What are the hours for Ask a Librarian Chat and Text Service on Monday?,"['Location: Ask a Librarian Chat and Text Service\nSunday: Closed\nMonday: 8am - 5pm\nTuesday: 8am - 5pm\nWednesday: 8am - 5pm\nThursday: 8am - 5pm\nFriday: 8am - 5pm\nSaturday: Closed', 'FAQ Question: Where can I find ASU Library hours posted online?\nAnswer: View the hours for any ASU Library location or service point at: https://lib.asu.edu/hours Scroll to the appropriate library location or service point Use the double arrows (in the top left box)\xa0to move the calendar ahead week-by-week Several locations post specific\xa0hours for visitors. You may also contact us by phone: (480) 965-3605']","The hours for the Ask a Librarian Chat and Text Service on Monday are 8am - 5pm. 🕒️
You can find more information about the service hours at the ASU Library website, but for the most up-to-date hours, you can check: https://lib.asu.edu/hours",The hours for Ask a Librarian Chat and Text Service on Monday are: 8am - 5pm.,0.6666666666666666,0.9980454277449917,0.9999999999,1.0
What are the hours for Wurzburger Reading Room (by appt only) on Saturday?,"['Location: Wurzburger Reading Room (by appt only)\nSunday: -\nMonday: -\nTuesday: -\nWednesday: -\nThursday: -\nFriday: -\nSaturday: -', 'Location: Ask a Librarian Chat and Text Service\nSunday: Closed\nMonday: 8am - 5pm\nTuesday: 8am - 5pm\nWednesday: 8am - 5pm\nThursday: 8am - 5pm\nFriday: 8am - 5pm\nSaturday: Closed']","The Wurzburger Reading Room (by appt only) is not available on Saturday, as indicated by a dash (-) in the schedule. This means there are no hours listed for Saturday. 
https://askalibrarian.asu.edu/",The hours for Wurzburger Reading Room (by appt only) on Saturday are: -.,0.75,0.92192981624108,0.99999999995,1.0
What are the hours for Polytechnic campus Library on Wednesday?,"['Location: Polytechnic campus Library\nSunday: 12pm - 10pm\nMonday: 8am - 10pm\nTuesday: 8am - 10pm\nWednesday: 8am - 10pm\nThursday: 8am - 10pm\nFriday: 8am - 7pm\nSaturday: 11am - 7pm', 'Location: Noble Library - ASU Faculty, Staff and Students\nSunday: 10am - 12am\nMonday: 24 hours\nTuesday: 24 hours\nWednesday: 24 hours\nThursday: 24 hours\nFriday: 12am - 9pm\nSaturday: 10am - 9pm']","The Polytechnic campus Library is open from 8am to 10pm on Wednesday. 📚
https://askalibrarian.asu.edu/",The hours for Polytechnic campus Library on Wednesday are: 8am - 10pm.,1.0,0.98504210223501,0.9999999999,1.0
What are the hours for Hayden Labriola on Tuesday?,"['Location: Hayden Labriola\nSunday: 10am - 6pm\nMonday: 9am - 9pm\nTuesday: 9am - 9pm\nWednesday: 9am - 9pm\nThursday: 9am - 9pm\nFriday: 9am - 5pm\nSaturday: 10am - 6pm', 'Location: Labriola at West Valley campus  (by appt only)\nSunday: -\nMonday: -\nTuesday: -\nWednesday: -\nThursday: -\nFriday: -\nSaturday: -']","The hours for Hayden Labriola on Tuesday are 9am - 9pm. 
https://www.asu.edu",The hours for Hayden Labriola on Tuesday are: 9am - 9pm.,0.5,0.9999999999999997,0.9999999999,1.0
What are the hours for ASU California Center Library (Pacific Time) on Tuesday?,"['Location: ASU California Center Library (Pacific Time)\nSunday: Closed\nMonday: 7:30am - 7pm\nTuesday: 7:30am - 7pm\nWednesday: 7:30am - 7pm\nThursday: 7:30am - 7pm\nFriday: 7:30am - 6pm\nSaturday: Closed', 'Location: Downtown campus Library - ASU Faculty, Staff and Students\nSunday: 12pm - 8pm\nMonday: 8am - 10pm\nTuesday: 8am - 10pm\nWednesday: 8am - 10pm\nThursday: 8am - 10pm\nFriday: 8am - 7pm\nSaturday: 10am - 6pm']","The ASU California Center Library is open from 7:30am to 7pm on Tuesdays. 🕒️
https://askalibrarian.asu.edu/",The hours for ASU California Center Library (Pacific Time) on Tuesday are: 7:30am - 7pm.,0.5,0.9531111684016154,0.9999999999,1.0
What are the hours for Book Arts Studio (by reservation) on Tuesday?,"['Location: Book Arts Studio (by reservation)\nSunday: Closed\nMonday: 11am - 4pm\nTuesday: 11am - 4pm\nWednesday: 11am - 4pm\nThursday: 11am - 4pm\nFriday: Closed\nSaturday: Closed', 'Location: Design and the Arts Library – ASU Faculty, Staff and Students\nSunday: 1pm - 8pm\nMonday: 8am - 8pm\nTuesday: 8am - 8pm\nWednesday: 8am - 8pm\nThursday: 8am - 8pm\nFriday: 8am - 5pm\nSaturday: 1pm - 5pm']","The Book Arts Studio (by reservation) is open on Tuesday from 11am to 4pm. 📚
https://askalibrarian.asu.edu/",The hours for Book Arts Studio (by reservation) on Tuesday are: 11am - 4pm.,1.0,0.8778300988712284,0.9999999999,1.0
"What are the hours for Hayden Library - ASU Faculty, Staff and Students on Saturday?","['Location: Hayden Library - ASU Faculty, Staff and Students\nSunday: 10am - 12am\nMonday: 7am - 12am\nTuesday: 7am - 12am\nWednesday: 7am - 12am\nThursday: 7am - 12am\nFriday: 7am - 12am\nSaturday: 9am - 12am', 'Location: Downtown campus Library - ASU Faculty, Staff and Students\nSunday: 12pm - 8pm\nMonday: 8am - 10pm\nTuesday: 8am - 10pm\nWednesday: 8am - 10pm\nThursday: 8am - 10pm\nFriday: 8am - 7pm\nSaturday: 10am - 6pm']","The hours for Hayden Library - ASU Faculty, Staff and Students on Saturday are 9am - 12am. 🕒️
https://www.asu.edu","The hours for Hayden Library - ASU Faculty, Staff and Students on Saturday are: 9am - 12am.",0.5,0.9942422317530186,0.9999999999,1.0
"What are the hours for Design and the Arts Library – ASU Faculty, Staff and Students on Monday?","['Location: Design and the Arts Library – ASU Faculty, Staff and Students\nSunday: 1pm - 8pm\nMonday: 8am - 8pm\nTuesday: 8am - 8pm\nWednesday: 8am - 8pm\nThursday: 8am - 8pm\nFriday: 8am - 5pm\nSaturday: 1pm - 5pm', 'Location: Downtown campus Library - ASU Faculty, Staff and Students\nSunday: 12pm - 8pm\nMonday: 8am - 10pm\nTuesday: 8am - 10pm\nWednesday: 8am - 10pm\nThursday: 8am - 10pm\nFriday: 8am - 7pm\nSaturday: 10am - 6pm']","The hours for the Design and the Arts Library – ASU Faculty, Staff and Students on Monday are 8am - 8pm. 🕒️
https://askalibrarian.asu.edu/","The hours for Design and the Arts Library – ASU Faculty, Staff and Students on Monday are: 8am - 8pm.",0.5,0.9982226010407824,0.9999999999,1.0
Do you have a research guide for Behavioral Health?,"['Research Guide: Behavioral Health\nLink: https://libguides.asu.edu/behavioralhealth', 'Research Guide: Psychology\nLink: https://libguides.asu.edu/psychology']","Yes, the ASU Library has a research guide for Behavioral Health. The guide provides resources and information on various topics related to behavioral health, including mental health, substance abuse, and health behaviors. You can access the guide at https://libguides.asu.edu/behavioralhealth. This guide can be a great starting point for your research, and if you need further assistance, you can also try searching ASU Library OneSearch or contacting a librarian for help. 
https://libguides.asu.edu/behavioralhealth","Yes, you can find the research guide for Behavioral Health here: https://libguides.asu.edu/behavioralhealth",0.7777777777777778,0.878198838273718,0.9999999999,1.0
Do you have a research guide for HST 328:  Women in US History 1880-1980 (Poly campus online)?,"['Research Guide: HST 328:  Women in US History 1880-1980 (Poly campus online)\nLink: https://libguides.asu.edu/HST328', 'Research Guide: HST 327:  Women in US History 1600-1880 (Poly campus online)\nLink: https://libguides.asu.edu/HST327']","Yes, I can help you with that. There is a research guide available for HST 328: Women in US History 1880-1980, which is specifically designed for the Poly campus online course. You can access the guide at https://libguides.asu.edu/HST328. This guide should provide you with relevant resources and information to support your research in the course. 📚
https://libguides.asu.edu/HST328","Yes, you can find the research guide for HST 328:  Women in US History 1880-1980 (Poly campus online) here: https://libguides.asu.edu/HST328",0.75,0.9508633015762805,0.9999999999,1.0
Do you have a research guide for Patents?,"['Research Guide: Patents\nLink: https://libguides.asu.edu/patents', 'Database: Google Patents\nDescription: Search international patents, technical papers, and books in one place, with translated full text, classifications, citations, and prior art indexing.\nLink: https://libguides.asu.edu/googlepatents']","Yes, the ASU Library has a Research Guide for Patents. The guide can be accessed at https://libguides.asu.edu/patents. This guide provides information on how to search for patents, including international patents, technical papers, and books. It also recommends using the Google Patents database, which offers translated full text, classifications, citations, and prior art indexing. 

You can visit the Research Guide for Patents at https://libguides.asu.edu/patents.","Yes, you can find the research guide for Patents here: https://libguides.asu.edu/patents",1.0,0.8631017424734285,0.99999999995,1.0
Do you have a research guide for HST 495 - Latin America and the Cold War - Sarreal?,"['Research Guide: HST 495 - Latin America and the Cold War - Sarreal\nLink: https://libguides.asu.edu/HST495latinamericaandthecoldwar', 'Research Guide: HST 494 Conquest &amp; Encounters in Colonial Latin America - Sarreal\nLink: https://libguides.asu.edu/HST494-Sarreal']","Yes, I can help you with that. According to the available information, there is a research guide for HST 495 - Latin America and the Cold War - Sarreal. You can find it at https://libguides.asu.edu/HST495latinamericaandthecoldwar. This guide should provide you with relevant resources and information for your research. 
https://libguides.asu.edu/HST495latinamericaandthecoldwar","Yes, you can find the research guide for HST 495 - Latin America and the Cold War - Sarreal here: https://libguides.asu.edu/HST495latinamericaandthecoldwar",0.6,0.9926838626286942,0.9999999999,1.0
Do you have a research guide for Seed Library?,"['Research Guide: Seed Library\nLink: https://libguides.asu.edu/seedlibrary', 'FAQ Question: Where can I find library guides to help me with my research?\nAnswer: Library Guides can be found at: https://libguides.asu.edu The list includes\xa0a wide variety of topics, such as: \u200bCitation Styles: http://libguides.asu.edu/citing Citation Management Tools: https://libguides.asu.edu/CitationManagement \u200bDissertations/Theses: https://libguides.asu.edu/asudissertations Online Students: https://libguides.asu.edu/online Nursing: https://libguides.asu.edu/nursing Patents: https://libguides.asu.edu/patents Standards (Engineering): https://libguides.asu.edu/standards We also have guides about our specialized collections: Greater Arizona Collection: https://libguides.asu.edu/arizonacollection Chicano/a Collection: https://libguides.asu.edu/chicanocollection Theatre for Youth and Community Collection: https://libguides.asu.edu/theatre_for_youth University Archives: https://libguides.asu.edu/univarchives']","Yes, we have a research guide for the Seed Library. You can find it at https://libguides.asu.edu/seedlibrary. This guide should provide you with helpful information and resources for your research on the Seed Library. 
https://libguides.asu.edu/seedlibrary","Yes, you can find the research guide for Seed Library here: https://libguides.asu.edu/seedlibrary",0.6,0.9562598370580129,0.99999999995,1.0
Do you have a research guide for SWU 413 Practicum Seminar?,"['Research Guide: SWU 413 Practicum Seminar\nLink: https://libguides.asu.edu/swu413', 'Research Guide: SCM 593\nLink: https://libguides.asu.edu/SCM593']","Yes, I can provide you with information about the research guide for SWU 413 Practicum Seminar. The research guide is available on the ASU Library website and can be accessed through this link: https://libguides.asu.edu/swu413. This guide is designed to support students in the SWU 413 Practicum Seminar course and provides relevant resources and information to help with their research. 📚
https://libguides.asu.edu/swu413","Yes, you can find the research guide for SWU 413 Practicum Seminar here: https://libguides.asu.edu/swu413",0.6,0.9255030122412201,0.9999999999,1.0
Do you have a research guide for Jewish Studies?,"['Research Guide: Jewish Studies\nLink: https://libguides.asu.edu/jewish_studies', 'Research Guide: Holocaust Studies\nLink: https://libguides.asu.edu/holocaust']","Yes, the Arizona State University Library has a research guide for Jewish Studies. The guide provides a variety of resources, including databases, journals, and books, to support research in Jewish Studies. You can access the guide at https://libguides.asu.edu/jewish_studies. This guide is a great starting point for your research, and if you need further assistance, you can also explore other guides, such as the one for Holocaust Studies, at https://libguides.asu.edu/holocaust. 
https://libguides.asu.edu/jewish_studies","Yes, you can find the research guide for Jewish Studies here: https://libguides.asu.edu/jewish_studies",0.5,0.8681878953468272,0.9999999999,1.0
Do you have a research guide for PSY 290 Research Methods in Psychology?,"['Research Guide: PSY 290 Research Methods in Psychology\nLink: https://libguides.asu.edu/psy290', 'Research Guide: Psychology\nLink: https://libguides.asu.edu/psychology']","Yes, I can help you with that. The ASU Library has a research guide specifically for PSY 290 Research Methods in Psychology. You can find it at https://libguides.asu.edu/psy290. This guide provides resources and tips to help you with your research in psychology, including finding articles, books, and other materials. It's a great starting point for your research. 
https://libguides.asu.edu/psy290","Yes, you can find the research guide for PSY 290 Research Methods in Psychology here: https://libguides.asu.edu/psy290",0.375,0.9560368624201049,0.99999999995,1.0
Do you have a research guide for Theatre for Youth and Community Collection?,"['Research Guide: Theatre for Youth and Community Collection\nLink: https://libguides.asu.edu/theatre_for_youth', 'Research Guide: Theatre Resources\nLink: https://libguides.asu.edu/theatre']","Yes, the ASU Library has a research guide for Theatre for Youth and Community Collection. This guide provides resources and information on theatre for youth and community, including books, articles, and other materials. You can access the guide at https://libguides.asu.edu/theatre_for_youth. 

Additionally, there is also a more general Theatre Resources research guide available at https://libguides.asu.edu/theatre. 

https://libguides.asu.edu/theatre_for_youth","Yes, you can find the research guide for Theatre for Youth and Community Collection here: https://libguides.asu.edu/theatre_for_youth",0.6666666666666666,0.9132392389216133,0.99999999995,1.0
Do you have a research guide for Japanese Studies?,"['Research Guide: Japanese Studies\nLink: https://libguides.asu.edu/JapaneseStudies', ""Database: AM Scholar Area Studies: Japan\nDescription: Western perspectives on Japan's political, cultural, and social history through primary sources from writers, diplomats, missionaries, and travelers spanning the 15th to 20th centuries.\nLink: https://libguides.asu.edu/ASJapan""]","Yes, the ASU Library has a research guide for Japanese Studies. The guide can be found at https://libguides.asu.edu/JapaneseStudies. This guide provides resources and information to support research in Japanese Studies. 

Additionally, you may also want to explore the AM Scholar Area Studies: Japan database, which offers Western perspectives on Japan's political, cultural, and social history through primary sources from writers, diplomats, missionaries, and travelers spanning the 15th to 20th centuries. The database can be accessed at https://libguides.asu.edu/ASJapan.

https://libguides.asu.edu/JapaneseStudies","Yes, you can find the research guide for Japanese Studies here: https://libguides.asu.edu/JapaneseStudies",1.0,0.8418293278431266,0.99999999995,1.0
Who is the current mayor of Tempe?,"['Database: Engineering Village\nDescription: Search across Compendex, Inspec, Inspec Archive, GEOBASE, and GeoRef. Covering all fields of engineering.\nLink: https://libguides.asu.edu/eicompendex', 'FAQ Question: Where can I view materials from Distinctive Collections?\nAnswer: Please use the Ask an Archivist communication feature\xa0to connect with our expert staff to start your research process. We will work with you to schedule an appointment at one of our reading rooms : the Wurzburger Reading Room in Hayden Library or, for Design-related collections, at the Design Special Collections Reading Room at the Design and the Arts Library on the Tempe campus. Appointments can be made to view collections from the Labriola National American Indian Data Center at Fletcher Library on the West Valley campus or in the Wurzburger Reading Room at Hayden Library.']","I don't know the current mayor of Tempe. For the most up-to-date information, I recommend checking the official City of Tempe website or contacting them directly. If you're looking for information on Tempe or Arizona-related topics, you can also try searching the ASU Library OneSearch database. 
https://askalibrarian.asu.edu/","I'm sorry, I can only answer questions related to the ASU Library. For general inquiries, please use a search engine.",0.0,0.0,0.0,0.5
Write a poem about the Sun Devils.,"['Research Guide: HUL 494/598: Why is the Amazon Burning? Visions of the Amazon: Imaginaries and Realities: Arizona Resources\nLink: https://libguides.asu.edu/c.php?g=1070648', 'Research Guide: Manifestos and Radical Writing\nLink: https://libguides.asu.edu/manifesto']","I'm not allowed to create creative content like poems. However, I can tell you that the Sun Devils are the athletic teams of Arizona State University. If you're looking for information about the Sun Devils, I can suggest searching the ASU Library OneSearch database. 🏈
https://libguides.asu.edu/c.php?g=1070648",I'm an ASU Library assistant and cannot generate creative content like poems.,0.0,0.0,0.0,0.0
